emp_no,first_name,last_name,dept_no
86213,Kristine,Clemencon,d001
262439,Lorien,Lagarias,d001
49010,Kazuhisa,Benantar,d001
103310,Visit,Swen,d001
425535,Alagu,Vieri,d001
235729,Henk,Anger,d001
236591,Insup,Reinhard,d001
284300,Ishfaq,Mahmud,d001
482755,Jouni,Conia,d001
34780,Moni,Kohling,d001
20100,Utz,Heuter,d001
278536,Munenori,Shobatake,d001
222998,Leaf,Awdeh,d001
428160,Jamaludin,Kalorkoti,d001
276868,Alois,Sanella,d001
92846,Anyuan,Kropatsch,d001
219052,Marsal,Acton,d001
223593,Hidefumi,Moehrke,d001
91648,Dmitry,Msuda,d001
429899,Ranan,Marsiglia,d001
91256,Gunilla,Milicic,d001
499194,Padma,Delgrange,d001
408447,Mayuri,Werthner,d001
90692,Rajmohan,DasSarma,d001
210752,Saniya,Stenning,d001
241292,Uri,Lampe,d001
273806,Hongzhu,Beetstra,d001
89941,Arnould,Weedman,d001
89664,Pranjal,Rossi,d001
432034,Arfst,Uehara,d001
209565,Dante,Covnot,d001
272599,Holgard,Hegner,d001
432956,Qunsheng,Birrer,d001
242104,Richara,Sudkamp,d001
86422,Jaewon,Thummel,d001
50670,Boguslaw,Snedden,d001
243018,Bowen,Deverell,d001
32714,Radoslaw,Maliniak,d001
435181,Kazuhide,Fiutem,d001
243637,Marjo,Delgrange,d001
243898,Arch,Basawa,d001
244308,Mokhtar,Rebaine,d001
494493,Masasuke,Koprowski,d001
66757,Yonghong,Baig,d001
435289,Feixiong,Schurmann,d001
270794,Dannz,Zhang,d001
270084,Ulises,Frolund,d001
269728,Naftali,Kragelund,d001
297431,Cathie,Ratnakar,d001
437395,Sumant,Thambidurai,d001
246798,Tianruo,Strooper,d001
32347,Terresa,Peres,d001
207068,Zhiguo,Ariola,d001
438038,Lena,Giaccio,d001
411143,Goncalo,Barbanera,d001
440870,Filipp,Hasham,d001
247875,Xiong,Anick,d001
266881,Mokhtar,Sabnani,d001
248351,Jaana,Milicia,d001
266206,Zsolt,Anily,d001
31568,Mark,Lalonde,d001
496978,Danco,Debuse,d001
51057,Theirry,Albarhamtoshy,d001
30938,Yakkov,Samarati,d001
79763,Sanjoy,Barreiro,d001
79310,Jeong,Cunliffe,d001
264626,Noritoshi,Bakhtari,d001
443873,Vatsa,Ramsay,d001
78106,Ashish,Ratnaker,d001
29130,Xumin,Thorensen,d001
70469,Tru,Miyakawa,d001
205660,Kien,Barreiro,d001
466603,Yechezkel,Nourani,d001
69219,Shuky,Redmiles,d001
205174,Leszek,Spinelli,d001
67320,Sadok,Lorys,d001
452982,Lobel,Aloia,d001
453644,Berni,Takkinen,d001
488752,Nimmagadda,Baja,d001
453913,Stein,Perng,d001
21546,Yongmin,Lanteri,d001
256888,Heather,Pehl,d001
465409,Shahid,Varman,d001
257378,Pascal,Bernatsky,d001
61147,Leszek,Werthner,d001
60959,Tetsushi,Sridhar,d001
455175,Soenke,Zaumen,d001
60238,Erzsebet,Claffy,d001
227899,Garnik,Luce,d001
59869,Zsolt,Riefers,d001
58497,Yechiam,Cairo,d001
53431,Sham,Vasanthakumar,d001
463023,Itzchak,Penn,d001
58147,Shigenori,Sullins,d001
22455,Barry,Unno,d001
53874,Bodo,Schade,d001
457938,Arch,Picco,d001
497340,Fayez,Keohane,d001
494019,Morrie,Iisaku,d001
415363,Conal,Shackell,d001
416877,Gio,Orsini,d001
38947,Shuichi,Ruemmler,d001
200789,Susumu,Camurati,d001
200735,Dinah,Denos,d001
294527,Ashish,Candan,d001
418247,Oscar,Oppitz,d001
220582,Poornachandra,Zielinski,d001
467886,Sivanarayana,Chandrasekhar,d001
293154,Syozo,Maliniak,d001
478799,Shaw,Borovoy,d001
403621,Deborah,Kaminger,d001
221973,Sangeeta,Kalefeld,d001
230865,Takushi,Brattka,d001
418860,Ymte,Dalton,d001
419953,Ung,Orlowski,d001
420732,Willard,Morrin,d001
47708,Edwin,Haldar,d001
404755,Manu,Junet,d001
44900,Mark,Schwaller,d001
107792,Shahab,Crooks,d001
479695,Masamitsu,Murrill,d001
215843,Pramod,Loncour,d001
288560,Yifei,Birjandi,d001
106710,Babette,Anandan,d001
467591,Kiyotoshi,Hennebert,d001
287983,Randi,Munos,d001
262208,Mrinalini,Holburn,d002
450936,Yuriy,Ponthieu,d002
450475,Saeed,Bahl,d002
298577,Florina,Litecky,d002
27378,Piyawadee,Leppanen,d002
261662,Berni,Assaf,d002
31341,Oksana,Zultner,d002
204133,Susuma,Bergere,d002
431576,Masamitsu,Back,d002
15058,Bouchung,Bugrara,d002
48904,Yuichiro,Malabarba,d002
488984,Kendra,Junet,d002
420877,Khosrow,Erez,d002
215746,Sven,Speer,d002
31147,Divine,Sidhu,d002
257469,Anyuan,Hanratty,d002
227681,Mikhail,Rousseau,d002
244605,Masoud,Suwa,d002
439924,Gunilla,Kisuki,d002
260399,Hatem,Birsak,d002
287713,Aamod,Ranka,d002
36521,Serif,Gladwell,d002
259619,Conal,Magliocco,d002
489755,Matk,Chorvat,d002
104845,Werner,Lodder,d002
423214,Tsutomu,Tetzlaff,d002
59640,Zita,Hiltgen,d002
407522,Tommaso,Raczkowsky,d002
489756,Kersti,Miculan,d002
463099,Jinxi,Schmiedel,d002
424685,Changho,Veevers,d002
17013,Morris,Garigliano,d002
413666,Remco,Duclos,d002
436797,Ohad,Henders,d002
425540,Paddy,Zumaque,d002
58141,Bezalel,Karner,d002
426168,Kaijung,Mateescu,d002
54632,Etsuo,Serot,d002
427776,Jaques,Navazio,d002
474331,Sugwoo,Eugenio,d002
56415,Sigeru,Nivat,d002
408417,Tsz,Daescu,d002
43154,Maha,Waterhouse,d002
85414,Chiradeep,Callaway,d002
95920,Nobuyoshi,Hegner,d002
201709,Fan,Kakkad,d002
265039,Navid,Staudhammer,d002
217800,Shay,Servieres,d002
89161,Conal,Yetto,d002
427805,Haldun,Compeau,d002
12643,Morrie,Schurmann,d002
294446,Claudi,Ruemmler,d002
85216,Ferdinand,Rosiles,d002
471552,Basem,Lortz,d002
294241,Marl,Fiebach,d002
298953,Zita,Syang,d002
109598,Stamatina,Auyong,d002
94416,Aran,Cesareni,d002
88958,Vojin,Coombs,d002
50453,Aron,Harbusch,d002
443108,Christfried,Atrawala,d002
109278,Bangqing,Schach,d002
230579,Shahar,Negoita,d002
93549,Arie,Coullard,d002
482905,Aral,Hebden,d002
266644,Anwar,Gubsky,d002
488540,Breannda,Maquelin,d002
428195,Hatsukazu,Rosca,d002
402827,Weidon,Pollacia,d002
429316,Seshu,Hiraishi,d002
437276,Dines,DeMori,d002
251166,Hinrich,Hooghiemstra,d002
448994,Haldun,Syang,d002
205789,Limsoon,Skafidas,d002
266881,Mokhtar,Sabnani,d003
401154,Danae,Kragelund,d003
299346,Fumitake,Sichman,d003
222206,Stein,Uludag,d003
222998,Leaf,Awdeh,d003
224934,George,Miake,d003
295857,Kankanahalli,Ciolek,d003
295268,Eben,Calkin,d003
295254,Xuejun,Pfau,d003
229404,Gilbert,Kilgour,d003
14104,Sudhanshu,Demian,d003
230354,Yinghua,Lorho,d003
293080,Hideyuki,Slaats,d003
290075,Boalin,Byoun,d003
232178,Etsuo,Anandan,d003
290009,Zijian,Rindone,d003
467591,Kiyotoshi,Hennebert,d003
48690,Hitomi,Schaap,d003
288166,Masoud,Asmuth,d003
287327,Youjian,Felder,d003
492000,Valeska,Cools,d003
286370,Toshimitsu,Seuren,d003
280070,Niteen,Ebeling,d003
278452,Sudhanshu,Toyoshima,d003
276189,Isaac,Klerer,d003
276186,Sajjad,Vecchi,d003
274071,Mingsen,Weiland,d003
49477,Baocai,Leaver,d003
467176,Przemyslawa,Borovoy,d003
244605,Masoud,Suwa,d003
245396,Gift,Bottner,d003
246244,George,Casperson,d003
246902,Shih,Shanbhogue,d003
247122,Xiaobin,Narlikar,d003
466745,Boalin,Birsak,d003
263012,Hideo,Buchter,d003
251341,Divier,Kumaresan,d003
465853,Kwan,Kampfer,d003
465501,Mrinalini,Gire,d003
256856,Hongzue,Barbanera,d003
257484,Shaowei,Nicolson,d003
463495,Alenka,Barriga,d003
460691,Munehiko,Gihr,d003
458134,Thanasis,Standera,d003
489755,Matk,Chorvat,d003
457070,Gay,Plavsic,d003
60821,Moty,Mersereau,d003
63441,Hinrich,Scallan,d003
453070,Aran,Rosenbaum,d003
451333,Radhika,Bonifati,d003
67548,Fumitaka,Roohalamini,d003
71141,Sajjad,Vitiello,d003
487988,Ekawit,Schaft,d003
447135,Gennady,Rouquie,d003
486068,Yefim,Bernardeschi,d003
78469,Leucio,Cappelli,d003
443108,Christfried,Atrawala,d003
82351,Stevo,Thambidurai,d003
440450,Tzvetan,Scharstein,d003
437724,Erez,Luft,d003
484142,Perry,Cooman,d003
436827,Wojceich,Limongiello,d003
435588,Genta,Pepe,d003
484126,Manton,Lueh,d003
432034,Arfst,Uehara,d003
89090,Tetsushi,Theuretzbacher,d003
89207,Along,Erol,d003
34261,Kyoichi,Callaway,d003
431576,Masamitsu,Back,d003
429703,Ung,Honglei,d003
428195,Hatsukazu,Rosca,d003
428160,Jamaludin,Kalorkoti,d003
428082,Ronghao,Alpin,d003
97623,Haldon,Janetzko,d003
426235,Danco,Rajala,d003
424930,Xuejun,Reeker,d003
103196,Djenana,Albarhamtoshy,d003
481050,Weiru,Burnard,d003
479695,Masamitsu,Murrill,d003
421384,Renny,Bednarek,d003
18617,Surveyors,Crouzet,d003
106242,Nevio,Thisen,d003
201229,Alejandra,Khasidashvili,d003
201708,Anneli,Perl,d003
202950,Giordano,Pietrzykowski,d003
203946,Yefim,Marwedel,d003
38947,Shuichi,Ruemmler,d003
39036,Changho,Cappelli,d003
205660,Kien,Barreiro,d003
413832,Marco,Jahnichen,d003
475538,Christophe,Leaver,d003
207980,Remko,Vieth,d003
410028,Xiadong,McClurg,d003
209443,Krassimir,Garnier,d003
210017,Shalesh,Lovengreen,d003
210292,Lihong,Zeilberger,d003
210786,Werner,Ranze,d003
474331,Sugwoo,Eugenio,d003
212093,Leni,Henders,d003
215419,Flemming,Kroha,d003
404573,Eberhardt,Spelt,d003
42778,Shuji,Remmers,d003
403644,Krisda,Hainaut,d003
218100,Jiong,Garnham,d003
402827,Weidon,Pollacia,d003
219967,Susanna,Reeken,d003
43733,Huei,Boguraev,d003
208784,Pranjal,Juneja,d004
253838,Stafford,Terlouw,d004
66382,Domenico,Candan,d004
450934,Chanjung,Raoux,d004
66643,Jianhao,Tomescu,d004
27699,Falguni,Pezzoli,d004
252392,Sanjeeva,Peron,d004
490720,Younwoo,Samarati,d004
262636,Tamiya,Reutenauer,d004
409798,Dekang,Tsunoo,d004
67934,Aiman,Gargeya,d004
68416,Munenori,Debuse,d004
68608,Yucai,Seghrouchni,d004
68633,Chinhyun,Rassart,d004
499260,Danae,Honglei,d004
251814,Mitsuyuki,Zockler,d004
262928,Piyush,Gill,d004
465874,Herb,Picht,d004
448918,Chiradeep,Arlazarov,d004
497007,Oldrich,Adachi,d004
69936,Lalit,Unni,d004
28988,Tua,Giveon,d004
251233,Yucel,Bernini,d004
70990,Arumugam,Nitta,d004
448769,Mong,Dichev,d004
42911,Brigham,Eterovic,d004
447982,Shiv,Baezner,d004
71243,Kinh,Buchter,d004
497835,Shuho,Laurillard,d004
447966,Kamakshi,Hebert,d004
71685,Kristinn,Olano,d004
46811,Junsik,Berendt,d004
29380,Satoru,Vidal,d004
29418,Valery,Mersereau,d004
72194,Feiyu,Siepmann,d004
13499,Kazuhiko,Sidou,d004
447018,Dannz,Miara,d004
446897,Takahiro,Dalton,d004
16528,Gaurav,Swick,d004
73233,Shigeo,Merey,d004
73516,Qingxiang,Badache,d004
73743,Anneke,Bernardeschi,d004
446306,Hercules,Kabayashi,d004
74200,Holgard,Weiland,d004
29782,Jouko,Hellwagner,d004
445941,Masako,Dechter,d004
74800,Yuuichi,Conde,d004
486956,Matt,Ruemmler,d004
29954,Pranay,Giarratana,d004
76189,Kolar,Hinsberger,d004
30007,Kousuke,Vecchio,d004
445723,Gaurav,Roison,d004
217551,Panayotis,Lukaszewicz,d004
445226,Oscar,Baumann,d004
77647,Niranjan,Schaaf,d004
52038,Chikako,Armand,d004
264030,Zdislav,Solares,d004
444465,Prasadram,Bultermann,d004
249969,Georgi,Luiz,d004
20313,Candida,Benveniste,d004
17206,Berry,DeMori,d004
79043,Katsuo,Hockney,d004
79171,Guiseppe,Ellozy,d004
491596,Charmane,Pargas,d004
17369,Yaghout,Kenevan,d004
264939,Bogdan,Bahi,d004
210449,Gino,Lagarias,d004
249780,Nechama,Gaughan,d004
442898,Aksel,Gire,d004
442490,Navid,Luke,d004
442312,Zengping,Cusworth,d004
80850,Koldo,Luit,d004
485817,Mahmut,Bolotov,d004
498955,Nechama,Kandlur,d004
14127,Magdalena,Cannard,d004
484498,Herbert,Hammerschmidt,d004
442096,Martijn,DiGiano,d004
441954,Leszek,Marchegay,d004
249433,Ayonca,Matzov,d004
82069,Yechezkel,Perfilyeva,d004
82098,Poornachandra,Wilharm,d004
469269,Weiyi,Codenie,d004
31188,Leandro,Gist,d004
31207,Abdelwaheb,Dulin,d004
441536,Chinho,Collette,d004
265521,Kensei,Salverda,d004
83280,Francesca,Ellozy,d004
248953,Percy,Sudbeck,d004
265875,Fan,Marsiglia,d004
247456,Masako,Bahk,d004
83714,Ohad,Kilgore,d004
471939,Kazuhiko,Marshall,d004
31909,Murthy,Peek,d004
247447,Tzu,Bakhtari,d004
402664,Subhada,Janetzko,d004
84179,Shuichi,Nanard,d004
211858,Domenico,Ratnaker,d004
10933,Juyoung,Seghrouchni,d004
267227,Susuma,Tagansky,d004
17970,Filipp,Carrere,d004
268191,LiMin,Teitelbaum,d004
474796,Zongyan,Shackel,d004
22185,Huai,Birch,d004
245164,Filipp,Winter,d004
85288,Younwoo,Luders,d004
401574,Yannik,Falco,d004
50831,Marie,Khalid,d004
244714,Poorav,Clouatre,d004
218831,Unal,DuBourdieux,d004
244711,Rosli,Butner,d004
271106,Taisook,Kampfer,d004
271219,Odoardo,Tyugu,d004
243077,Kazunori,Perz,d004
272316,Surveyors,Muhling,d004
86546,Oldrich,Woycyznski,d004
86655,Zhenhua,Lorys,d004
242081,Tomokazu,Pargas,d004
432399,Nitsan,Nollmann,d004
409391,Willard,Verspoor,d004
87714,Khun,Janetzko,d004
432257,Kwangjo,Hiltgen,d004
17988,Mabhin,Calkin,d004
223595,Chiranjit,Dredge,d004
483838,Sham,Kavanagh,d004
88422,Jungsoon,Birsak,d004
33215,Steen,Fasbender,d004
242019,Herb,Murrill,d004
12155,Keiichiro,Glinert,d004
483825,Marek,Mitchem,d004
222952,Gopalakrishnan,Suermann,d004
272860,Minghong,Candan,d004
469399,Hongzhu,Ruemmler,d004
483675,Hausi,Kamber,d004
241728,Limsoon,Boudaillier,d004
241667,Atilio,Olivero,d004
89680,Aiman,Mawatari,d004
89806,Xiadong,Shinomoto,d004
89922,Alexius,Ibel,d004
50293,Xinan,Rindone,d004
41114,Petter,Thummel,d004
90084,Renny,Bale,d004
90211,Bader,Denis,d004
90292,Koichi,Assaf,d004
213447,Armond,Perly,d004
90614,Yonghoan,Trogemann,d004
467392,Mariusz,Rikino,d004
240870,Francesca,Chorvat,d004
275881,Jiann,Munro,d004
91229,Yahiko,Hebden,d004
240340,Mack,Staylopatis,d004
430891,Khalil,Gien,d004
275994,Uma,Prampolini,d004
240236,True,Tischendorf,d004
92438,Aria,Kilgore,d004
408019,Shridhar,Chleq,d004
276445,Atilio,Randi,d004
92577,Zhanqiu,Farrow,d004
92598,Ranga,Merro,d004
407837,Fei,Erez,d004
239706,Arunas,Bugrara,d004
239664,Sugwoo,Michaels,d004
34452,Naftaly,Foong,d004
49177,Tze,Bach,d004
214427,Peer,Molberg,d004
93278,Magdalena,Penn,d004
239415,Susumu,Brender,d004
277420,Rayond,Schach,d004
93600,Kristina,Neimat,d004
94331,Ramzi,Cronau,d004
279280,Niranjan,Debuse,d004
21181,Jianhui,Cangellaris,d004
34533,Erzsebet,Shigei,d004
482885,Shaunak,Brizzi,d004
427852,Adil,Kieras,d004
238112,Miomir,Frezza,d004
280648,Heeju,Lorys,d004
281859,Masanao,Papastamatiou,d004
34788,Ennio,Babu,d004
95509,Kristinn,Loncour,d004
49119,Lena,Peek,d004
96571,Kokou,Garrabrants,d004
96579,Mohan,Tasistro,d004
96767,Arumugam,Vecchio,d004
97018,Jeanna,Chinen,d004
473940,Avishai,Majewski,d004
286573,Nahum,Nishimukai,d004
426958,Weijing,Viele,d004
98306,Ziya,Kadhim,d004
34936,Bokyung,Stamatiou,d004
426819,Sandeepan,Kulisch,d004
426706,Karsten,Kawashima,d004
426644,Zejun,Broomell,d004
35044,Jiang,Waschkowski,d004
214789,Arfst,Chepyzhov,d004
235793,Jayesh,Spinelli,d004
100865,Hisao,Peral,d004
481764,Teiji,Marrakchi,d004
425757,Yongdong,Jiang,d004
235780,Sampalli,Bergere,d004
286779,Sigeru,Versino,d004
102620,Adin,Templeman,d004
494088,Phule,Dahlbom,d004
214995,Dinkar,Hoppenstand,d004
235368,Anneli,Joslin,d004
496970,Giordano,Maquelin,d004
467441,Margareta,Bondorf,d004
481397,Luisa,Chelton,d004
287334,Elliott,Speer,d004
287583,Jovan,Hockney,d004
35642,Ashish,Talmon,d004
422783,Jagoda,Uhrig,d004
43848,Phillip,Oxenboll,d004
421755,Shichao,Thiria,d004
222878,Annemarie,Zallocco,d004
20885,Otmar,Rothenberg,d004
44959,Volkmar,Uhrik,d004
106096,Naftali,Schurmann,d004
406125,Georgi,Portugali,d004
234739,Foong,Aamodt,d004
233759,Zissis,Lodder,d004
48882,Leen,Lamparter,d004
288563,Cristinel,Gerlach,d004
479407,Randi,Tomescu,d004
232697,Barry,Ramsak,d004
231459,Nectarios,Pramanik,d004
290563,Shigehiro,Oxenboll,d004
292828,Ziya,Tokunaga,d004
108316,Shai,Stellhorn,d004
418606,Michaela,Otillio,d004
479024,Ewing,Kalorkoti,d004
478833,Pradeep,Valiente,d004
418566,Kazuhide,Snedden,d004
109252,Moty,Winter,d004
230498,Kolar,Puppo,d004
230287,Renny,Alameldin,d004
229981,Jamaludin,Fordan,d004
418380,Kazuhiko,Gornas,d004
109703,Arco,Walston,d004
109741,Hatem,Fadgyas,d004
418309,Danel,Petereit,d004
418298,Arvin,Pusterhofer,d004
200312,Akemi,Fujisaki,d004
229391,Paloma,Henseler,d004
229386,Pohua,Tasistro,d004
229220,Fabrizio,Lichtman,d004
492677,Goetz,McAffer,d004
41518,Keung,Schapiro,d004
472950,Weidon,Fordan,d004
228766,Nahla,Smailagic,d004
19236,Elzbieta,Morris,d004
38103,Masasuke,Babu,d004
201915,Sudharsan,DeMori,d004
202291,Ortrun,Schmiedel,d004
202403,Gully,Perko,d004
418239,Josyula,Motley,d004
202552,Morris,Saoudi,d004
478768,Arun,Katzenelson,d004
478007,Fumino,Narahara,d004
20129,Rafael,Skafidas,d004
416892,Shooichi,Vandervoorde,d004
38593,Huei,Orsini,d004
295255,Jacopo,Bellone,d004
295262,Moon,Pews,d004
216573,Ashish,Vidya,d004
416720,Tokuyasu,Xiaoshan,d004
228098,IEEE,Kroll,d004
468417,Kamakshi,Huhdanpaa,d004
415338,Shigeo,Emmart,d004
405063,Yechezkel,Yurov,d004
415187,Juyoung,Peltason,d004
414543,Bernd,Anick,d004
476327,Reinhold,Binkley,d004
493744,Leni,Kropatsch,d004
414027,Tadanori,Msuda,d004
476122,Khun,Spieker,d004
226227,Herbert,Erva,d004
39341,Mahmut,Lampe,d004
205627,Stabislas,Broder,d004
296664,Dipayan,Geffroy,d004
472238,Jungsoon,Gubsky,d004
401278,Oguz,Schurmann,d004
225964,Mooi,Cooman,d004
296718,Kamakshi,Bahl,d004
412404,Mitsuyuki,Jeansoulin,d004
10663,Teunis,Noriega,d004
220625,Shigenori,Deville,d004
207021,Jacqueline,Akaboshi,d004
469104,Nadjib,Comellas,d004
475258,Fumiyo,Feinberg,d004
411082,Martine,Cangellaris,d004
297954,Sailaja,Fujisaki,d004
410881,Koichi,Grabner,d004
55640,Adit,Syrotiuk,d004
23396,Hilari,Fairtlough,d004
55799,Jianwen,Litzler,d004
401333,Martins,Shokrollahi,d004
14476,Sastry,Marrevee,d004
56209,Remzi,Douceur,d004
458790,Ramya,Azadmanesh,d004
458111,Florian,Tramer,d004
54795,Sumant,Nergos,d004
56829,Nagui,Gruenwald,d004
22926,Manibrata,Genther,d004
56847,Menkae,Chinin,d004
457813,Foong,Gargeya,d004
490557,Luise,Vigier,d004
53924,Arnould,Gaughan,d004
53499,Zdislav,Mandelberg,d004
463212,Ramya,Rossi,d004
58454,Ziya,Zambonelli,d004
52970,Lobel,Werthner,d004
457776,Florian,Siepmann,d004
457489,Berna,Ranst,d004
40301,Spyrose,Felder,d004
24571,Cordelia,Gischer,d004
463472,Jaber,Sethi,d004
52956,Khalil,Picci,d004
59966,Steen,Salvesen,d004
259273,Xiahua,Gomatam,d004
410804,Ronnie,Denos,d004
465062,Stafford,Gist,d004
455814,Giao,DuCasse,d004
60559,Jeanna,Stemann,d004
410433,Kazuhisa,Riesenhuber,d004
60845,Bedir,Siegrist,d004
260361,Reinhold,Rahier,d004
261184,Masako,Kornatzky,d004
454994,Mohan,Picht,d004
465076,Tokuyasu,Ghelli,d004
52599,Augustine,Mungall,d004
454825,Kamakshi,Schusler,d004
61377,Dannz,Ohori,d004
454791,Xiaoqiu,Pietracaprina,d004
15050,Nikolaos,Kruskal,d004
454378,Gina,Ossenbruggen,d004
62033,Heeju,Cappelli,d004
62046,Karlis,Nanard,d004
256216,Halsur,Brodal,d004
63294,Tetsushi,Tanemo,d004
63419,Hiroyasu,Seuren,d004
221435,Djenana,Marrevee,d004
255779,Heejo,Merle,d004
63631,Falguni,Cherinka,d004
453723,Arne,Kohling,d004
255466,Huan,Roccetti,d004
254399,Armond,Lores,d004
261737,Mark,Lindqvist,d004
475087,Genevieve,Snedden,d004
64532,Atilio,Segond,d004
253893,Huiqun,Trystram,d004
27620,Shuji,Kandlur,d004
452956,Gou,Thombley,d004
64984,Eldridge,Eldridge,d004
452137,Subir,Miake,d004
65171,Jeane,Tasistro,d004
488619,Georgy,Bennis,d004
291352,Danai,Trelles,d005
10122,Ohad,Esposito,d005
10663,Teunis,Noriega,d005
12408,Rasiah,Sudkamp,d005
14075,Denny,Tchuente,d005
15413,Arvin,Rabejac,d005
17369,Yaghout,Kenevan,d005
17731,Gennady,Roison,d005
18021,Adil,Matzke,d005
18424,Filipp,Rousseau,d005
18810,Taiji,Jarecki,d005
19803,Ziva,Kowalchuk,d005
21188,Piyush,Danecki,d005
21843,Karsten,Azadmanesh,d005
22185,Huai,Birch,d005
22451,Jasminko,Bresenham,d005
24080,Jaana,Perez,d005
24205,Roddy,Rubsam,d005
26671,Jiakeng,Kalorkoti,d005
26788,Zongyan,Dalphin,d005
28193,Xinglin,Mitsuhashi,d005
28974,Chenxi,Sundgren,d005
29679,Kolar,Steenbeek,d005
30154,Mayuko,Skafidas,d005
30182,Leon,Potthoff,d005
30465,Randi,Avouris,d005
30695,Gudjon,Majewski,d005
31514,Harngdar,Schapire,d005
31909,Murthy,Peek,d005
32552,Atreye,Stanger,d005
32844,Tadahiko,Melton,d005
33722,Anwar,Collette,d005
34446,Chinhyun,Bauknecht,d005
35441,Chandrasekaran,Peek,d005
35798,Ulf,Oberman,d005
37945,Suzette,Butterworth,d005
38043,Michaela,Randi,d005
40283,Sudhanshu,Boissier,d005
40536,Harngdar,Bernardinello,d005
40983,Marla,Cherinka,d005
41357,Willard,Vernadat,d005
41520,Xiong,Uhrik,d005
44054,Alenka,Ritcey,d005
44265,Maria,Eppinger,d005
44540,Mingzeng,Sadowski,d005
44962,Sariel,Wynblatt,d005
45162,Dulce,Speel,d005
46943,Pasqua,Maraist,d005
47139,Marco,Usdin,d005
47262,Gonzalo,Binkley,d005
47515,Naraig,Jenevein,d005
49017,Filipp,Flanders,d005
50831,Marie,Khalid,d005
51060,Youngkon,Rohrbach,d005
51142,Rosine,Lakshmanan,d005
52040,Phule,Heijenga,d005
52590,Jouni,Munoz,d005
53597,Jiafu,Marchegay,d005
54198,Shaowen,Segond,d005
55687,Shih,Lindqvist,d005
56105,Makato,Remmers,d005
56682,Roded,Picco,d005
57934,Sanjoy,Boudaillier,d005
58384,Mariusz,Vural,d005
58990,Palash,Trelles,d005
59195,Ronnie,Pollock,d005
60000,Heekeun,Emmart,d005
61253,Cheong,Uhrik,d005
61541,Kasidit,Papsdorf,d005
62245,Adel,Bressoud,d005
63706,Sedat,Itzigehl,d005
64023,Laurentiu,Benzmuller,d005
64790,Shin,Piveteau,d005
65539,Aksel,Picaronny,d005
66702,Deniz,Thibadeau,d005
66807,Aiman,Rosaz,d005
68648,Jaques,DiGiano,d005
69878,Chinya,Cooke,d005
69936,Lalit,Unni,d005
71334,Cathie,Peck,d005
71710,Hitomi,Takanami,d005
71745,Adil,Laventhal,d005
72190,Sajjad,Waeselynck,d005
73076,Froduald,Feldhoffer,d005
74344,Hiroyasu,Provine,d005
75354,Shuky,Jakobus,d005
75703,Kyoichi,Erman,d005
76201,Arif,Preusig,d005
77030,Faiza,Garnham,d005
77815,Ronghao,Picaronny,d005
78871,Conor,Ghandeharizadeh,d005
79606,Arnd,Peir,d005
80889,Shigeo,Linnainmaa,d005
80948,Harjit,Bardell,d005
81105,Jaewon,Boissier,d005
81545,Larisa,Kornyak,d005
81995,Sreekrishna,Brender,d005
82511,Uwe,Koblick,d005
82919,Shigeu,Claffy,d005
82928,Alselm,Rikino,d005
83289,Shigeichiro,Engelmann,d005
83509,Breannda,Collavizza,d005
83805,Manohar,Harllee,d005
84315,Kristina,Baumann,d005
84451,Shiv,Aumann,d005
84508,Tommaso,Vidya,d005
84922,Parke,Unno,d005
86354,Ronghao,Segond,d005
87353,Quingbo,Coombs,d005
87783,Conor,Thorensen,d005
88411,Lena,Cannane,d005
88647,Vasiliy,Ratnaker,d005
88965,Mang,Hedayat,d005
89048,Otmar,Birjandi,d005
89346,Mansur,Comyn,d005
90077,Vivian,Guerreiro,d005
91182,Lucien,Schwartzburd,d005
92920,Huei,Hutter,d005
93040,Jaques,Kabayashi,d005
94761,Hitofumi,Zaccaria,d005
94944,Heping,Matheson,d005
95286,Kristin,Guerreiro,d005
95406,Alair,Lyonns,d005
95416,Gianluca,Ramaiah,d005
98306,Ziya,Kadhim,d005
99377,Carrsten,Francisci,d005
100916,Heejo,Aamodt,d005
103316,Susanne,Peternell,d005
103756,Heping,Halloran,d005
104988,Parviz,Litzler,d005
105356,Diederik,Matzov,d005
105432,Mohamadou,Stafford,d005
105731,Sachem,Cromarty,d005
106695,Lijie,Garrabrants,d005
107486,Siamak,Luiz,d005
107737,Fabrizio,Chleq,d005
109062,Jamaludin,Kandlur,d005
109211,Gor,Delgrande,d005
109552,Menkae,Etalle,d005
200363,Kirk,Quaggetto,d005
201739,Genta,Terekhov,d005
201801,Waiman,Genin,d005
202826,Kerhong,Matzke,d005
202882,Isaac,Koshino,d005
203495,Zongyan,Gips,d005
203599,Ewing,DiGiano,d005
204425,Gretta,Huttel,d005
204471,Franziska,Maginnis,d005
204764,Susanne,Mandelberg,d005
205085,Moni,Kornyak,d005
205500,Mary,Setiz,d005
206966,Tzu,Sichman,d005
207204,Kellie,Schrooten,d005
207551,Baziley,Falck,d005
208147,Manu,Rothenberg,d005
208653,Phillip,Schade,d005
209712,Nimmagadda,Baak,d005
211879,Gao,Ranze,d005
211967,Anwar,Bain,d005
213016,Yongmao,Fontan,d005
213384,Pranas,Narwekar,d005
214539,Ingmar,Kohling,d005
214634,Shirish,Vickson,d005
214866,Gopalakrishnan,Angel,d005
216342,Aiichiro,Cromarty,d005
216375,Byong,Gustavson,d005
216502,Xiaocheng,Suermann,d005
217080,Masami,Puoti,d005
217286,Yannik,Spelt,d005
217387,Jianhao,Molenaar,d005
218022,Mokhtar,Poupard,d005
219047,Aemilian,Kusalik,d005
219497,Moie,Zastre,d005
220029,Demos,Asser,d005
220131,Reinhard,Slaats,d005
220799,Perla,Orlowska,d005
221126,Tesuya,dAstous,d005
222311,Miyeon,Billingsley,d005
222319,Matt,Chvatal,d005
222354,Valdiodio,Schlumberger,d005
222770,Kazuhiko,Kushner,d005
222878,Annemarie,Zallocco,d005
222926,Limsoon,Erol,d005
224135,Annemarie,Bressoud,d005
224335,Perry,Chachaty,d005
225601,Masasuke,Genin,d005
225788,Ipke,Kieras,d005
227354,Gio,Murtha,d005
227476,Macha,Schnabel,d005
228766,Nahla,Smailagic,d005
229727,Ewing,Millington,d005
230002,Tadahiro,Backhouse,d005
231798,Goetz,Alvarado,d005
233114,Alselm,Gargeya,d005
233394,Khalid,Lenart,d005
233426,Etsuo,Usery,d005
233690,Cedric,Riefers,d005
233765,Kotesh,Chachaty,d005
233818,Kellie,Heydon,d005
235325,Gro,Prochazka,d005
236315,IEEE,Raczkowsky,d005
236827,Almudena,Rijckaert,d005
239426,Vesna,Fairtlough,d005
241100,Cedric,Molenaar,d005
241254,Jagoda,Anguita,d005
241567,Emran,Miara,d005
241872,Bluma,Fetvedt,d005
242019,Herb,Murrill,d005
242800,Kazuyasu,Levergood,d005
244820,Shigenori,Hertweck,d005
246364,Alper,Tiemann,d005
247612,Chiranjit,Constantine,d005
249239,Hideyuki,Decleir,d005
249504,Dmitry,Velardi,d005
249799,Jolita,Neimat,d005
250452,Alexius,Plavsic,d005
250748,Kish,Turnbull,d005
251403,Utpal,DuBourdieux,d005
251437,Shichao,Iwayama,d005
251680,Moty,Sommen,d005
252316,Gill,Niizuma,d005
255657,Oldrich,Cyre,d005
256881,Ioana,Jakobus,d005
257062,Stabislas,Pardalos,d005
258028,Mountaz,Reinhart,d005
258643,Przemyslawa,Esposito,d005
259718,Stepehn,Bouloucos,d005
260153,Mingdong,Baar,d005
260361,Reinhold,Rahier,d005
260501,Dzung,Pargas,d005
261631,Jianhua,Huttel,d005
261986,Gila,Ramsak,d005
262210,Chinho,Bottner,d005
262636,Tamiya,Reutenauer,d005
262752,Pramod,Bierman,d005
263186,Danny,Lowrie,d005
263439,Atreye,Kabayashi,d005
263645,Mingsen,Lally,d005
264167,Baoqiu,Tomescu,d005
264939,Bogdan,Bahi,d005
268043,Narain,Mikschl,d005
272141,Tsutomu,Neiman,d005
272452,Mitsuyuki,Isard,d005
273159,Divine,Hofmeyr,d005
273286,Brigham,Asmuth,d005
273396,Wayne,Baba,d005
275158,Satyanarayana,Brandsma,d005
275263,Vojin,Laventhal,d005
275444,Limsoon,Leppanen,d005
276472,Hideyuki,Flanders,d005
277777,Herbert,Itzigehl,d005
277829,Michaela,Fandrianto,d005
278953,Jeanna,Ghandeharizadeh,d005
279115,Maren,DuCasse,d005
279791,Chiranjit,Lyonns,d005
281570,Zijian,Covnot,d005
281848,Parke,Staylopatis,d005
282191,Alper,Shinomoto,d005
282547,Nahum,Codenie,d005
282894,Fay,Bellmore,d005
284687,Oksana,Redmiles,d005
284691,Theron,Ressouche,d005
284711,Martijn,Azevdeo,d005
284717,Gal,Ranta,d005
285396,Lena,Kohling,d005
285906,Arnould,Buescher,d005
286452,Behnaam,Bierbaum,d005
286573,Nahum,Nishimukai,d005
286986,Woody,Trelles,d005
287609,Sailaja,Negoita,d005
287808,Vidar,Ozeki,d005
287984,Troy,Kobuchi,d005
288028,Kauko,Narwekar,d005
288665,Horward,Khasidashvili,d005
288893,Bedrich,Rosenbaum,d005
289454,Bowen,Narwekar,d005
290284,Kwangjo,Menhardt,d005
290769,Lalit,Blokdijk,d005
291612,Siamak,Gomatam,d005
291669,Faiza,Bach,d005
292110,Menkae,Showalter,d005
292146,Khatoun,Pulkowski,d005
292210,Masaru,Huhdanpaa,d005
292515,Bernd,Thummel,d005
293280,Moti,Steenbeek,d005
293329,Fumiya,Griswold,d005
293746,Sanjay,Litecky,d005
294461,Siddarth,Rosiles,d005
294652,Hironobu,Brodie,d005
294791,Vesna,Lammel,d005
294857,Caolyn,Ozeri,d005
295236,Kauko,Fujisawa,d005
295278,Val,Barvinok,d005
296303,Mariangiola,Heyers,d005
297905,Marc,Bahl,d005
298339,King,Benzmuller,d005
400046,Hilari,Christ,d005
400358,Angus,Jullig,d005
400780,Poornachandra,Asser,d005
400796,Bodo,Halevi,d005
402102,Kersti,Granlund,d005
402718,Jeanna,Rettelbach,d005
403010,Toshimitsu,Sluis,d005
403954,Jeanna,Bratten,d005
404018,Valery,Babb,d005
404236,Zengping,Kakkar,d005
404462,Anestis,Setlzner,d005
404788,Basem,Beausoleil,d005
406239,Marek,Tomescu,d005
406564,Parviz,Picco,d005
408114,Geoffrey,Ladret,d005
408163,Irene,Sethi,d005
408953,Jolita,Claffy,d005
409898,Divier,Ishibashi,d005
410372,Duri,Mitina,d005
410616,Gudjon,Kalorkoti,d005
411070,Otmar,Brandsma,d005
412757,Leen,Peak,d005
413729,Harjit,Ernst,d005
414091,Wuxu,Kuhnemann,d005
414551,Elliott,Copas,d005
414662,Ipke,Schneeberger,d005
414814,Dayanand,Wielonsky,d005
415563,Mrinalini,Bierbaum,d005
416074,Alain,Lieberherr,d005
416383,Nectarios,Itschner,d005
416492,Kannan,Meriste,d005
416660,Nathalie,Luke,d005
418239,Josyula,Motley,d005
420086,Susuma,Kitsuregawa,d005
421312,Mariangiola,Bashian,d005
422146,Kenton,Miara,d005
423208,Joydip,Krone,d005
423633,Mariusz,Tokunaga,d005
423993,Seshu,Kolvik,d005
424569,Danco,Luff,d005
424584,Kagan,Dredge,d005
424984,Vasilis,Waleschkowski,d005
425437,Moni,Staudhammer,d005
425830,Guther,Conia,d005
426228,Supot,Badache,d005
427320,Mamdouh,Ramamoorthy,d005
427571,Torsten,Ranta,d005
428917,Theron,Billawala,d005
429249,Alassane,Wolniewicz,d005
429481,Subhada,Emmerich,d005
429569,Fumiya,Chappelet,d005
430054,Erzsebet,Setiz,d005
430631,Kersti,Marsiglia,d005
431657,Visit,Thiran,d005
431882,Hideo,Varman,d005
431887,Poorav,Ranst,d005
432261,Arve,Bergere,d005
432523,Takahiro,Maquelin,d005
432665,Flemming,Driscoll,d005
432787,Toshiko,Ibel,d005
434936,Sahrah,Rosis,d005
436558,Subir,Greibach,d005
437870,Kerhong,Lorho,d005
438557,Lidong,Swist,d005
439377,Mari,Plessier,d005
440435,Sandeepan,Rosti,d005
442653,Mona,Hebden,d005
444465,Prasadram,Bultermann,d005
444487,Udi,Rullman,d005
445570,Van,Nations,d005
446424,DAIDA,Nooteboom,d005
446959,Aram,Passino,d005
447613,Paris,Restivo,d005
447999,Shiv,Vilarrasa,d005
449984,Hinrich,Perin,d005
450184,Selwyn,Henseler,d005
450255,Udo,Waymire,d005
451272,Jacopo,Krohm,d005
452325,Taiji,Berstel,d005
452365,Fei,Gadepally,d005
453790,Fai,Keirsey,d005
454736,Nechama,Ermel,d005
455914,Peer,Angelopoulos,d005
456982,Shounak,Dratva,d005
457411,Xudong,Peck,d005
457611,Indrajit,Krogh,d005
457832,Jackson,Zielinski,d005
458383,Mabhin,Foote,d005
459172,Val,Rissanen,d005
459356,Pramod,Wendorf,d005
460707,Yoshinari,Lanteri,d005
461120,Shietung,Gelosh,d005
465711,Lakshmi,Frijda,d005
466509,Bezalel,Verhoeff,d005
467269,Nahum,Lambe,d005
468360,Huei,Saoudi,d005
468659,Ranga,Lemarechal,d005
469253,Baruch,Basawa,d005
469399,Hongzhu,Ruemmler,d005
469735,Arif,Stranks,d005
470472,Zhiguo,Staudhammer,d005
471397,Nigel,Zirintsis,d005
471532,Feiyu,Decleir,d005
472052,Godehard,Chinal,d005
472790,Zhenbing,Ibel,d005
474763,Mayuko,Clouatre,d005
475938,Shigeaki,Lanteri,d005
475965,Rimon,Pietracaprina,d005
476361,Doohun,Preusig,d005
477578,Marit,Paludetto,d005
477969,Bluma,Mundy,d005
478170,Doowon,Schoegge,d005
478218,Djenana,Erol,d005
478439,Yuichiro,Bale,d005
480035,Sukumar,Georg,d005
480268,Gaurav,Cheshire,d005
480407,Deniz,Bennis,d005
481790,Haldun,Erie,d005
482335,Kwangyoen,Peck,d005
484756,Phule,Ruemmler,d005
485489,Keiichiro,Armand,d005
485577,Rafael,Menhoudj,d005
485579,Munehiro,Iwayama,d005
485817,Mahmut,Bolotov,d005
486958,Tonny,Kropf,d005
488482,Kensyu,Tsunoo,d005
488693,Jiong,Zultner,d005
489928,Satoru,Janetzko,d005
490551,Lalit,Lindqvist,d005
490568,Zita,Reistad,d005
491079,Kwangsub,Keirsey,d005
491162,Panayotis,Hempstead,d005
492217,Heekeun,Verhaegen,d005
492639,Sanjoy,Porenta,d005
493096,Sachem,Msuda,d005
497174,Sanjiv,Bressoud,d005
498185,Caolyn,Marciano,d005
498845,Arumugam,Pelc,d005
499495,Baoqiu,Kakkar,d005
38550,JoAnne,Baez,d006
450309,Gill,Orlowska,d006
29782,Jouko,Hellwagner,d006
478170,Doowon,Schoegge,d006
486808,Geoffrey,Siochi,d006
284954,Anneke,Hammerschmidt,d006
447877,Make,Heuser,d006
402025,Shigehito,Duclos,d006
292504,Georgi,Bednarek,d006
72232,Naraig,Veldwijk,d006
72640,Honglan,Hutton,d006
292146,Khatoun,Pulkowski,d006
445950,Ebru,Valtorta,d006
76640,Tristan,Mitsuhashi,d006
284856,Moto,Kobara,d006
284561,Duri,Beznosov,d006
445067,Eldridge,Kawashima,d006
36982,Kotesh,Rajala,d006
219035,Kristine,Bierman,d006
50311,Mooi,Stafford,d006
281692,Khosrow,Sommen,d006
217320,Abdelwaheb,Denis,d006
78363,Susumu,Fritzsche,d006
81545,Larisa,Kornyak,d006
200312,Akemi,Fujisaki,d006
278386,Caolyn,Poujol,d006
441536,Chinho,Collette,d006
52778,Alain,Penn,d006
52956,Khalil,Picci,d006
82919,Shigeu,Claffy,d006
469529,Neven,Rikino,d006
491596,Charmane,Pargas,d006
84942,Shin,Fujisaki,d006
290478,Tsvetan,Sherertz,d006
85288,Younwoo,Luders,d006
435791,Hercules,Speer,d006
85702,Udi,Merks,d006
246146,Zhongwei,Melski,d006
433260,Make,Olivero,d006
41518,Keung,Schapiro,d006
222616,Badri,Schapire,d006
405063,Yechezkel,Yurov,d006
432665,Flemming,Driscoll,d006
463212,Ramya,Rossi,d006
221369,Abdulah,Pocchiola,d006
232209,Nitsan,Rouquie,d006
34533,Erzsebet,Shigei,d006
247888,Abdelghani,Lagarias,d006
430558,Xiong,Roisin,d006
429520,Yongqiao,Francisci,d006
92454,Visit,McFarlan,d006
105342,Kwun,Reeker,d006
299580,Luisa,Itzfeldt,d006
462493,Paloma,Gerlach,d006
262928,Piyush,Gill,d006
407837,Fei,Erez,d006
469366,Aiman,Wilfing,d006
252185,Chaosheng,Conta,d006
429087,Hugh,Senzako,d006
93220,Richara,Walston,d006
35642,Ashish,Talmon,d006
480066,Suebskul,Menhardt,d006
103342,Beshir,Hellwagner,d006
253029,Thodoros,Thimonier,d006
408163,Irene,Sethi,d006
102620,Adin,Templeman,d006
471911,Arun,Zaccaria,d006
42955,Yucel,Lortz,d006
254044,Gunilla,Brendel,d006
212361,Claudi,Stanfel,d006
232723,Tesuya,Bugrara,d006
459685,Hirochika,Goldhammer,d006
56829,Nagui,Gruenwald,d006
56847,Menkae,Chinin,d006
209101,Xinyu,Edelhoff,d006
409805,Frazer,Candan,d006
497391,Paris,Lieblein,d006
457337,Xumin,Beidas,d006
455284,Luisa,Baig,d006
226216,Giordano,Gini,d006
60875,Rildo,Masaki,d006
490720,Younwoo,Samarati,d006
61873,Woody,Rusmann,d006
410881,Koichi,Grabner,d006
469104,Nadjib,Comellas,d006
454338,Mohammed,Georg,d006
453688,Chinya,Leslie,d006
468773,Baziley,Brookner,d006
24377,Lubomir,Wroclawski,d006
64487,Tsutomu,Rebaine,d006
287482,Shigeaki,Gihr,d006
205863,Aiichiro,Kusalik,d006
225867,Ramalingam,Remmele,d006
64984,Eldridge,Eldridge,d006
235793,Jayesh,Spinelli,d006
205018,Yahiko,Awdeh,d006
450817,DAIDA,Frolund,d006
228554,Bilhanan,Brendel,d007
472143,Yahiko,Sommen,d007
295411,Chiranjit,Serot,d007
41609,Yucai,Simmen,d007
296428,Charmane,Simmen,d007
297232,Lokesh,Saoudi,d007
225438,Remmert,Quaggetto,d007
299737,Patricio,Itzfeldt,d007
473268,Hugo,Sgarro,d007
473299,Khaled,Penn,d007
400683,Kamakshi,Manders,d007
220611,Yuping,Babb,d007
41137,Bikash,Buchter,d007
220418,Poorav,Laventhal,d007
40269,Toshiki,Ghazalie,d007
217272,Yuchang,Eldridge,d007
217026,Otmar,Engberts,d007
405015,Morris,Fargier,d007
216921,Lena,Lenart,d007
39952,Otmar,Sudbeck,d007
21909,Mohammed,Brizzi,d007
406847,Alexius,Crouzet,d007
214215,Xiaoqiang,Cardazo,d007
213140,Tru,Danecki,d007
408417,Tsz,Daescu,d007
408447,Mayuri,Werthner,d007
208639,Larisa,Lukaszewicz,d007
208330,Shen,Flanders,d007
477350,Terresa,Vigier,d007
206748,Yucai,Fabrizio,d007
10291,Dipayan,Seghrouchni,d007
413205,Mototsugu,Prampolini,d007
21546,Yongmin,Lanteri,d007
205699,Youjian,Yetto,d007
493048,Muzhong,Berztiss,d007
414897,Juyoung,Willoner,d007
204470,Hein,Lichtner,d007
415363,Conal,Shackell,d007
38168,Fumiko,Deverell,d007
416420,Adamantios,Heemskerk,d007
204117,Jessie,Nooteboom,d007
203720,Sasan,Thimonier,d007
203474,Hugh,Jonsson,d007
417435,Bouchung,Zaumen,d007
418247,Oscar,Oppitz,d007
109953,Godehard,Chorvat,d007
109620,Mani,Cannata,d007
108988,Oksana,Baek,d007
418717,Arunachalam,Magliocco,d007
419099,Heon,Broomell,d007
420557,Mabhin,Eastman,d007
107828,Ramya,Walston,d007
420759,Raimond,Solovay,d007
420765,Shawna,Krider,d007
421022,Shigeaki,Butner,d007
421033,Garnik,Randt,d007
421074,Zhaofang,Falster,d007
105520,Haldun,Lienhardt,d007
423038,Takushi,Strehl,d007
423204,Uma,Stranks,d007
36626,Fen,Genin,d007
104133,Pranjal,Zyda,d007
423327,Constantijn,Lichtman,d007
423350,Heping,Monarch,d007
424797,Theron,Itschner,d007
424805,Jacqueline,Zallocco,d007
101902,Mantis,Millington,d007
101647,Mori,Homond,d007
101487,Abdelaziz,Sury,d007
425780,Paris,Range,d007
425875,Jahangir,Kroft,d007
426153,Shahaf,Luce,d007
99590,Dhritiman,Anily,d007
426824,Gopalakrishnan,Mawatari,d007
481213,Shigehiro,Haldar,d007
95314,Rasiah,Koblick,d007
94416,Aran,Cesareni,d007
93549,Arie,Coullard,d007
92841,Claude,Candan,d007
92685,Mang,Atchley,d007
428219,Ghassan,Androutsos,d007
429231,Kazuyasu,Schmiedel,d007
429238,Mona,Luck,d007
429381,Limsoon,Roohalamini,d007
429532,Bartek,Vendrig,d007
494995,Yongmao,Pouyioutas,d007
91415,Jamaludin,Nilsson,d007
429954,Renny,Gladwell,d007
34780,Moni,Kohling,d007
91333,Lobel,Stafford,d007
34505,Felicidad,Kumaresan,d007
482944,Duke,Journel,d007
432031,Adamantios,Matzat,d007
88103,Goo,Bresenham,d007
483401,Rosita,Pokrovskii,d007
87129,Keung,Neiman,d007
34077,Angel,Sichman,d007
433059,Bojan,Montresor,d007
433157,Tomofumi,Serna,d007
434845,Takushi,Skogmar,d007
483978,Dung,Tanemo,d007
435042,Brigham,Borstler,d007
435060,Moie,Lieblein,d007
86213,Kristine,Clemencon,d007
435305,Berthier,Pramanik,d007
435370,Conal,Basart,d007
435602,Dietrich,Kranzdorf,d007
435774,Olivera,Bharadwaj,d007
32714,Radoslaw,Maliniak,d007
85445,Yongdong,Pollock,d007
437369,Kazuhide,Biran,d007
437395,Sumant,Thambidurai,d007
84236,Eberhardt,Barriga,d007
438038,Lena,Giaccio,d007
30938,Yakkov,Samarati,d007
440325,Douadi,Sullins,d007
440642,Snehasis,Kalsbeek,d007
83544,Leaf,Baak,d007
441197,Miquel,Legleitner,d007
81644,Divine,Ghandeharizadeh,d007
442002,Ravishankar,Baig,d007
80731,Shaowen,Eldridge,d007
80203,Shakhar,Baik,d007
79895,Fei,Murtagh,d007
443841,Shaw,Kading,d007
443873,Vatsa,Ramsay,d007
444099,Kousuke,Worfolk,d007
444208,Irena,Cesareni,d007
78106,Ashish,Ratnaker,d007
17447,Zengping,Boreale,d007
16461,Remmert,Schahn,d007
74668,Masako,Bonifati,d007
446121,Fay,Cochrane,d007
30484,Sailaja,Chvatal,d007
72918,Takahira,Szilard,d007
447232,Aleksander,Schaaf,d007
447544,Stabislas,Kakkad,d007
447931,Martijn,Jeong,d007
71188,Pranjal,Schapiro,d007
71066,Domenick,Basart,d007
448900,Mart,Talmor,d007
69867,Miyeon,Rothe,d007
69219,Shuky,Redmiles,d007
449189,Jahangir,Bernatsky,d007
486918,Yagil,Remmers,d007
69052,Shietung,Shrader,d007
450888,Sedat,Rande,d007
65998,Mandell,Alameldin,d007
451253,Jaihie,Ozeri,d007
487008,Zhigen,Raney,d007
65883,Patricia,Pepe,d007
452206,Arra,Esposito,d007
452347,Shigeichiro,Brattka,d007
64828,Krister,Pappas,d007
452957,Alair,Nanard,d007
64632,Zsolt,Brender,d007
63566,Heekeun,Slaats,d007
488142,Denis,Narlikar,d007
60959,Tetsushi,Sridhar,d007
455726,Qiwen,Kriebel,d007
60238,Erzsebet,Claffy,d007
14907,Nakhoon,Luga,d007
456767,Tetsurou,Schreiter,d007
457305,Sorina,Lakshmanan,d007
27686,Manu,Rosiles,d007
58819,Gennady,Liesche,d007
58497,Yechiam,Cairo,d007
488707,Mihalis,Remmers,d007
56428,Olivera,Hanabata,d007
55857,Adin,Scallan,d007
54800,Breannda,Cangellaris,d007
459429,Mohit,Verhaegen,d007
259611,Shuichi,Marrakchi,d007
259042,Xiaoqiang,Farrow,d007
460131,Adly,Hambrick,d007
258470,Weiwu,Butner,d007
488984,Kendra,Junet,d007
258124,Mariusz,Zolotykh,d007
460920,Remzi,Mitzlaff,d007
254821,Tonny,Couchot,d007
261990,Volkmar,Czaja,d007
253707,Insup,Hainaut,d007
262208,Mrinalini,Holburn,d007
461270,Mrinalini,Mawatari,d007
262328,Mayuko,Vural,d007
461801,Sumali,Cooman,d007
251645,Bezalel,Tsunoo,d007
251301,Pintsang,Impagliazzo,d007
263370,Shakhar,Ranze,d007
263649,Mechthild,Zongker,d007
263926,Fusako,Schwartzbauer,d007
250411,Ranga,Sommen,d007
264322,Leandro,Swist,d007
249866,Steen,Gubsky,d007
53278,Premsyl,Lortz,d007
249325,Ute,Pokrovskii,d007
265558,Susuma,Kleiser,d007
265794,Miquel,Halloran,d007
248758,Snehasis,Muhlberg,d007
266249,Sumant,Nishimukai,d007
248256,Sajjan,Falby,d007
247089,Seongbae,Schahn,d007
246798,Tianruo,Strooper,d007
267304,Jordanka,Axelband,d007
267667,Irena,Kaiserswerth,d007
246764,Shuzo,Czaja,d007
245664,Manohar,Kilgore,d007
270716,Shunichi,Baer,d007
244873,Arunachalam,Oppitz,d007
243576,Abdulah,Lodder,d007
242500,Bingning,Iisaku,d007
464284,Huiqun,Henders,d007
273858,Gunilla,Matzen,d007
274271,Prodip,Ritcey,d007
274813,Yefim,Pettey,d007
52770,Shugo,Yurek,d007
52639,Arup,Colorni,d007
275495,Shen,Yamaashi,d007
275801,Ayakannu,Heinisuo,d007
276184,Mari,Swick,d007
239748,Bilhanan,Dusink,d007
277316,Vitali,Rothenberg,d007
239244,Abdulla,Kitai,d007
24553,Anwar,Passafiume,d007
239067,Tadahiko,Pocchiola,d007
238949,Minghong,Cronin,d007
278549,Jaana,Werthner,d007
52386,Adas,Denti,d007
238422,Vishv,Angelov,d007
466064,Temple,Danlos,d007
238252,Uno,Suppi,d007
280420,Jahangir,Hofting,d007
280525,Kish,Herbst,d007
24394,Zhonghui,Conta,d007
236964,Adel,Foote,d007
282343,Xinglin,Haldar,d007
51036,Chriss,Fasbender,d007
236883,Huan,Olivero,d007
284431,Pintsang,Fujisawa,d007
14158,Caolyn,Setiz,d007
49464,Siddarth,Cappelletti,d007
49010,Kazuhisa,Benantar,d007
48947,Filipp,Akaboshi,d007
285164,Xiaocheng,Kumaresan,d007
48275,Sariel,Massonet,d007
47702,Juyoung,Vieri,d007
286026,Utpal,Zaumen,d007
287323,Steve,Dengi,d007
235096,Sverrir,Gyimothy,d007
235017,Irena,Dratva,d007
234195,Luerbio,Terkki,d007
233785,Baziley,Ballarin,d007
46834,Tooru,Daescu,d007
288142,Shay,Heystek,d007
233397,Fay,Sundgren,d007
288606,Susumu,Swiss,d007
498337,Naraig,Docker,d007
46328,Wuxu,Trogemann,d007
289909,Hilari,Vecchio,d007
290441,Gregory,Collavizza,d007
231069,Trygve,Siksek,d007
10095,Hilari,Morton,d007
470456,Reuven,Oehlmann,d007
230865,Takushi,Brattka,d007
230689,Dietrich,Crabtree,d007
293154,Syozo,Maliniak,d007
498635,Florian,Pezzoli,d007
491478,Gill,Varman,d007
293752,Jungsoon,Bail,d007
294144,Takanari,Ermel,d007
229547,Moni,Schach,d007
22415,Perla,Jumpertz,d007
427571,Torsten,Ranta,d008
61253,Cheong,Uhrik,d008
476361,Doohun,Preusig,d008
498838,Sanjay,Ciolek,d008
239426,Vesna,Fairtlough,d008
473490,Pantung,Reeker,d008
457146,Jinpo,Heyers,d008
229248,Harjit,Terekhov,d008
52590,Jouni,Munoz,d008
39000,Martijn,Vendrig,d008
278239,Boaz,Bottner,d008
40765,Michaela,Ramsak,d008
39301,Rimon,Kawashima,d008
400046,Hilari,Christ,d008
458191,George,Atchley,d008
228248,Yuriy,Plump,d008
26629,Nevin,Rodham,d008
294652,Hironobu,Brodie,d008
52283,Trygve,Krupka,d008
471397,Nigel,Zirintsis,d008
480178,Uinam,Rahier,d008
299718,Denny,Shobatake,d008
259718,Stepehn,Bouloucos,d008
289687,Fai,Maccarone,d008
99654,Mahendra,Motley,d008
480035,Sukumar,Georg,d008
98639,Florina,Assaf,d008
98288,Sumali,Huttel,d008
427313,Utpal,Kemmerer,d008
42950,Shaleah,Eickenmeyer,d008
35441,Chandrasekaran,Peek,d008
97661,Avishai,Hegner,d008
258028,Mountaz,Reinhart,d008
95181,Yishai,Cappelli,d008
25488,Ingmar,Basawa,d008
461120,Shietung,Gelosh,d008
429249,Alassane,Wolniewicz,d008
422146,Kenton,Miara,d008
481790,Haldun,Erie,d008
479601,Kayoko,Bahi,d008
52040,Phule,Heijenga,d008
476055,Girolamo,Schlumberger,d008
282333,Nahla,Serdy,d008
482354,Jayson,Zockler,d008
105356,Diederik,Matzov,d008
471939,Kazuhiko,Marshall,d008
89590,Guther,Rothenberg,d008
87729,Yongmin,Roccetti,d008
462795,Somnath,Cummings,d008
33722,Anwar,Collette,d008
106695,Lijie,Garrabrants,d008
86672,JoAnne,Anido,d008
290467,Shaowen,Poulakidas,d008
224390,True,Shobatake,d008
420694,Frazer,Barbanera,d008
433438,Keiichiro,Miyakawa,d008
53314,Eberhardt,Carrera,d008
219417,Subhrajyoti,Denna,d008
22451,Jasminko,Bresenham,d008
249504,Dmitry,Velardi,d008
291352,Danai,Trelles,d008
220528,Sibyl,Rabehasaina,d008
436915,Feixiong,Haraldson,d008
108198,Randi,Samarati,d008
469527,Halsur,Ibel,d008
84840,Sverrir,Neimat,d008
266310,Zvonko,Serdy,d008
297474,Irena,Terkki,d008
32649,Ingmar,Nannarelli,d008
266862,Mart,Plumb,d008
406714,Malu,Ossenbruggen,d008
83941,Zsolt,Hagimont,d008
285905,Kellyn,Bage,d008
296687,Palash,Spieker,d008
440937,Fabrizio,Usery,d008
469867,Hein,Jonsson,d008
109211,Gor,Delgrande,d008
441965,Claudi,Heijenga,d008
216054,Sahrah,Angiulli,d008
80432,Stella,Figueira,d008
442700,Siddarth,Masada,d008
443485,Marke,Klerer,d008
244624,Boaz,Seuren,d008
235458,Gio,Heuser,d008
444643,Berna,Schonegge,d008
445152,Heping,Peac,d008
485799,Yoshimitsu,Litvinov,d008
10762,Lech,Himler,d008
445723,Gaurav,Roison,d008
478218,Djenana,Erol,d008
272452,Mitsuyuki,Isard,d008
204246,Arve,Worfolk,d008
447376,Kirk,Zongker,d008
30035,Tetsushi,Conta,d008
296062,Shaz,Driscoll,d008
71334,Cathie,Peck,d008
414714,Chinho,Delgrande,d008
240870,Francesca,Chorvat,d008
449815,Fumitaka,Quittner,d008
274369,Ranga,Waymire,d008
10476,Kokou,Iisaka,d008
292404,Hongzue,Zultner,d008
66530,Dung,Leaver,d008
220799,Perla,Orlowska,d008
227901,Francesca,Azuma,d008
451275,Bedrich,Isard,d008
487505,Uno,Jayawardene,d008
276027,Holgard,Stavenow,d008
413098,Hsiangchu,Taubenfeld,d008
206836,Guadalupe,Pfau,d008
239803,Oscal,Ernst,d008
207401,Shuji,Barbanera,d008
207779,Chinya,Kamble,d008
64209,Golgen,Schoegge,d009
463472,Jaber,Sethi,d009
73743,Anneke,Bernardeschi,d009
295030,Fun,Keirsey,d009
249780,Nechama,Gaughan,d009
228098,IEEE,Kroll,d009
85874,Pasqua,Taubman,d009
241872,Bluma,Fetvedt,d009
229098,Berry,Yurek,d009
420476,Mariangiola,Bolsens,d009
497007,Oldrich,Adachi,d009
40773,Shimshon,Aingworth,d009
36844,Hailing,Levergood,d009
248758,Snehasis,Muhlberg,d009
204117,Jessie,Nooteboom,d009
108091,Hisao,Ghemri,d009
41137,Bikash,Buchter,d009
52599,Augustine,Mungall,d009
241728,Limsoon,Boudaillier,d009
447232,Aleksander,Schaaf,d009
276563,Gift,Solares,d009
413831,Mohamadou,Grabner,d009
474796,Zongyan,Shackel,d009
277362,Uzi,Kugler,d009
27767,Tooru,Veldwijk,d009
60091,Surveyors,Bade,d009
452137,Subir,Miake,d009
414814,Dayanand,Wielonsky,d009
208639,Larisa,Lukaszewicz,d009
437870,Kerhong,Lorho,d009
233759,Zissis,Lodder,d009
84029,Babette,Eugenio,d009
240438,Temple,Cyre,d009
212154,Sailaja,Holburn,d009
438264,Rasikan,Barreiro,d009
63631,Falguni,Cherinka,d009
457938,Arch,Picco,d009
230126,Bezalel,Radivojevic,d009
496100,Pranjal,Reinhard,d009
439905,Kousuke,Levasseur,d009
27331,Wanqing,Krohm,d009
458726,Shahaf,Kitai,d009
464303,Abdelghani,Nyrup,d009
488788,Wuxu,Garigliano,d009
240285,Kolar,Greenaway,d009
485253,Gladys,Parhami,d009
408654,Yongqiao,Cochrane,d009
259237,Palash,Gammage,d009
83714,Ohad,Kilgore,d009
267059,Moie,Tempesti,d009
241292,Uri,Lampe,d009
20248,Vidar,Demri,d009
440870,Filipp,Hasham,d009
273806,Hongzhu,Beetstra,d009
54795,Sumant,Nergos,d009
425757,Yongdong,Jiang,d009
260249,Vugranam,Beausoleil,d009
20128,Kazunori,Peak,d009
235096,Sverrir,Gyimothy,d009
280291,Lenore,Badache,d009
29265,Gilbert,Calkin,d009
200267,Chuanti,Luff,d009
289807,Soenke,Lemarechal,d009
99373,Xiaobin,Christianini,d009
99057,Shugo,Reeken,d009
426795,Huican,Lunn,d009
426818,Gaurav,Fendler,d009
286029,Jaques,Nanard,d009
260408,Sasan,Brookner,d009
426824,Gopalakrishnan,Mawatari,d009
229386,Pohua,Tasistro,d009
453760,Ewing,Rajala,d009
478858,Hidekazu,Perna,d009
427332,Feiyu,Hemaspaandra,d009
236566,Yechezkel,Maginnis,d009
61377,Dannz,Ohori,d009
452956,Gou,Thombley,d009
18583,Stafford,Honglei,d009
427823,Jaques,Gecsei,d009
493031,Hironoby,Jakobus,d009
475258,Fumiyo,Feinberg,d009
236964,Adel,Foote,d009
20500,Christoph,Trystram,d009
408437,Uno,Solares,d009
80067,Kazuhisa,Weiland,d009
466367,Hiroyasu,Strandh,d009
35087,Leif,Ashish,d009
35793,Oscar,Kusalik,d009
217363,Horward,Marzano,d009
221367,Saddek,Farris,d009
19350,Satoru,Yoshizawa,d009
467918,Tsuneo,Skrikant,d009
498456,Geraldo,Gerteisen,d009
231671,Chandrasekaran,Pearson,d009
401420,Florian,Uhrig,d009
202414,Zvonko,Murthy,d009
499194,Padma,Delgrange,d009
429532,Bartek,Vendrig,d009
444070,Heping,Skrikant,d009
92438,Aria,Kilgore,d009
492052,Udo,Ratnakar,d009
204470,Hein,Lichtner,d009
220699,Nahid,Gyimothy,d009
40301,Spyrose,Felder,d009
430593,Janalee,Lanzelotte,d009
461801,Sumali,Cooman,d009
46000,Zhaofang,Penn,d009
91172,Kazuhisa,Melter,d009
90518,Fumiko,Chepyzhov,d009
36733,Uma,Reinhard,d009
214391,Rayond,Klassen,d009
272141,Tsutomu,Neiman,d009
215629,Munehiro,Manders,d009
272285,Gully,Mitchem,d009
282585,Zijian,Lammel,d009
432121,Alair,Straney,d009
414027,Tadanori,Msuda,d009
37070,Jeong,Undy,d009
53431,Sham,Vasanthakumar,d009
432399,Nitsan,Nollmann,d009
491632,Gadiel,Perly,d009
240132,Mizuhito,Kobara,d009
77303,Xinglin,Birge,d009
33025,Jessie,Thorelli,d009
488095,Francoise,Hegner,d009
453154,Gao,Lally,d009
465085,Vidar,Gunderson,d009
47016,Toong,Litecky,d009
